{"baseline_opt": [0.8151448567708334, 0.8324462890625, 0.8306070963541666, 0.8738444010416667, 0.8276936848958333, 0.7994466145833333, 0.751025390625, 0.830078125, 0.7849609375, 0.8105143229166667], "async_opt": [0.7104410807291667, 0.7868815104166667, 0.7136800130208333, 0.8887044270833333, 0.7938802083333333, 0.8852376302083333, 0.884130859375, 0.7498372395833334, 0.7199788411458333, 0.8610921223958333], "baseline_nfev": [76, 79, 84, 72, 84, 76, 69, 79, 65, 85], "async_nfev": [121, 112, 119, 129, 112, 129, 129, 116, 113, 130]}