{"approx": [[0.868194580078125, 0.861724853515625, 0.8600616455078125, 0.8593902587890625, 0.8663787841796875, 0.8651580810546875, 0.8645477294921875, 0.8618621826171875, 0.863372802734375, 0.864288330078125, 0.863250732421875, 0.8658599853515625, 0.8624725341796875], [0.8607940673828125, 0.7073211669921875, 0.6951141357421875, 0.70953369140625, 0.7106170654296875, 0.7016143798828125, 0.7080841064453125, 0.8630523681640625, 0.8660888671875, 0.8672332763671875, 0.860748291015625, 0.8641815185546875, 0.860809326171875, 0.7096710205078125, 0.8652496337890625, 0.6981353759765625, 0.7046661376953125, 0.708465576171875, 0.7058563232421875, 0.8660430908203125, 0.8620452880859375, 0.865203857421875, 0.8656768798828125, 0.703704833984375, 0.6837005615234375, 0.862548828125, 0.8597259521484375, 0.863037109375, 0.707672119140625, 0.7084503173828125, 0.8624725341796875, 0.707550048828125, 0.8634185791015625, 0.864227294921875, 0.8648223876953125, 0.7029876708984375, 0.864349365234375, 0.865234375, 0.7078857421875, 0.7089385986328125, 0.684600830078125, 0.8631439208984375, 0.8619384765625, 0.8661956787109375, 0.8657684326171875, 0.8628082275390625, 0.70989990234375, 0.863037109375, 0.8606719970703125, 0.8619384765625], [0.7555694580078125, 0.69720458984375, 0.696380615234375, 0.6983795166015625, 0.6983795166015625, 0.6924591064453125, 0.696807861328125, 0.6869964599609375, 0.7177581787109375, 0.6847686767578125, 0.7525634765625, 0.7562103271484375, 0.6834564208984375, 0.6957244873046875, 0.7813262939453125, 0.687103271484375, 0.695648193359375, 0.70001220703125, 0.6986846923828125, 0.7763214111328125, 0.7534942626953125, 0.7749176025390625, 0.7815093994140625, 0.696014404296875, 0.69696044921875, 0.7808837890625, 0.755157470703125, 0.753875732421875, 0.6905670166015625, 0.7007598876953125, 0.7536773681640625, 0.694366455078125, 0.7008514404296875, 0.776947021484375, 0.7733917236328125, 0.6893463134765625, 0.7791900634765625, 0.780548095703125, 0.69390869140625, 0.6985931396484375, 0.695343017578125, 0.7786407470703125, 0.7547149658203125, 0.6934967041015625, 0.758880615234375, 0.75750732421875, 0.6928558349609375, 0.780853271484375, 0.7743072509765625, 0.7785797119140625]], "nfev": [[23, 23, 20, 24, 19, 22, 24, 25, 24, 24, 25, 24, 21], [14, 11, 11, 12, 10, 13, 14, 11, 15, 10, 12, 13, 11, 11, 13, 12, 13, 10, 12, 11, 13, 12, 14, 12, 13, 15, 12, 10, 13, 13, 10, 10, 13, 13, 13, 14, 10, 11, 10, 11, 12, 13, 16, 13, 10, 14, 14, 14, 19, 16], [30, 30, 25, 31, 31, 33, 29, 36, 31, 33, 33, 31, 31, 30, 30, 30, 32, 27, 30, 30, 33, 37, 32, 34, 28, 29, 31, 26, 30, 29, 29, 28, 36, 31, 30, 30, 32, 32, 30, 28, 26, 35, 33, 31, 28, 29, 32, 29, 34, 28], [35, 28, 26, 35, 33, 37, 30, 29, 31, 26, 33, 32, 29, 29, 33, 29, 30, 28, 33, 30, 38, 31, 30, 33, 28, 29, 31, 35, 31, 31, 27, 25, 31, 30, 31, 31, 30, 29, 30, 32, 28, 36, 31, 31, 26, 32, 35, 35, 46, 32]]}