{"approx": [[0.7989691114221913, 0.7989583750114968, 0.7969188948430462, 0.8035910280457462, 0.8037920085399034, 0.7888899445067772, 0.8039091525055662, 0.800738156907229, 0.8016149369092639, 0.8036675578043957], [0.7994541917384639, 0.7986024964572186, 0.8004385076475851, 0.7981644643134603, 0.800593781370157, 0.7980103587578549, 0.7981293517614939, 0.7806974177196647, 0.8004534277501671, 0.8012378979680904], [0.6771055648266558, 0.7052598707273643, 0.7078840726518756, 0.7016616192178243, 0.7059482916981406, 0.6963537758003093, 0.7060267412005461, 0.6864455706657185, 0.6964702198456698, 0.7140813983327381]], "nfev": [[62, 59, 54, 52, 62, 49, 63, 54, 64, 63], [37, 37, 31, 41, 37, 33, 42, 37, 29, 35], [80, 79, 93, 81, 82, 83, 83, 72, 87, 80], [77, 79, 95, 70, 82, 81, 75, 75, 74, 93]]}